"Artikelnummer";"EAN";"Bezeichnung";"Preis";"Rabatt";"Ihr Preis";"Lieferstatus";"Bildname";"USK/FSK";"Trailerlink";"Viewkey";"Warengruppe";"Untergruppe";"breadcrumb";"Genre"
"CDR11866";"4020628742980";"9 Monkeys of Shaolin  PC";"12.500";"0";"12.500";"Neuheit";"4020628742980.jpg";"";"";"";"HCDR";"";"PC SPIELE";"Actionspiele"
"CDR11790";"4020628741860";"Age of Wonders: Planetfall  Day One Edition  PC";"13.500";"0";"13.500";"lieferbar";"4020628741860.jpg";"16";"";"";"HCDR";"";"PC SPIELE";"Strategiespiele"
"CDR11967";"3307216167365";"Assassin´s Creed Valhalla  PC";"41.500";"0";"41.500";"Neuheit";"";"";"";"";"HCDR";"";"PC SPIELE";"Actionspiele"
"CDR11908";"9120080071262";"Biomutant  PC";"39.000";"0";"39.000";"Neuheit";"9120080071262.jpg";"";"";"";"HCDR";"";"PC SPIELE";"Actionspiele"
"CDR11943";"4015918146876";"Bus Mechanic Simulator  PC";"14.990";"0";"14.990";"lieferbar";"";"0";"";"";"HCDR";"";"PC SPIELE";"Simulationen"
"CDR11068";"5026555065399";"Civilization VI  PC";"7.990";"0";"7.990";"lieferbar";"5026555065399usk.jpg";"12";"";"";"HCDR";"";"PC SPIELE";"Strategiespiele"
"CDR11442";"4020628777074";"Cossacks 3  Gold Edition  PC";"6.500";"0";"6.500";"lieferbar";"4020628777074.jpg";"12";"";"";"HCDR";"";"PC SPIELE";"Strategiespiele"
"CDR11888";"5902367641221";"Cyberpunk 2077  Day One Edition  PC";"40.000";"0";"40.000";"Neuheit";"5902367641221.jpg";"18";"";"";"HCDR";"";"PC SPIELE";"Actionspiele"
"CDR11936";"8023171044873";"Death Stranding  DeLuxe Edition - Steelbook  PC";"47.500";"0";"47.500";"Neuheit";"";"16";"";"";"HCDR";"";"PC SPIELE";"Actionspiele"
"CDR11955";"9120080075277";"Desperados 3  Collector´s Edition  PC";"72.500";"0";"72.500";"lieferbar";"";"16";"";"";"HCDR";"";"PC SPIELE";"Actionspiele"
"CDR11953";"9120080074652";"Destroy All Humans!  PC";"19.000";"0";"19.000";"Neuheit";"";"";"";"";"HCDR";"";"PC SPIELE";"Actionspiele"
"CDR11923";"3701403100560";"Detroit Become Human  PC";"26.000";"0";"26.000";"kein Bestand";"";"16";"";"";"HCDR";"";"PC SPIELE";"Actionspiele"
"CDR11049";"5055856407560";"Dishonored 2: Das Vermächtnis der Maske - Import (AT)  PC";"4.990";"0";"4.990";"lieferbar";"5055856407560.jpg";"19";"";"";"HCDR";"";"PC SPIELE";"Actionspiele"
"CDR10865";"5055856403609";"DOOM - Import (AT)  PC";"3.990";"0";"3.990";"lieferbar";"doom_pegi_pc.jpg";"19";"";"";"HCDR";"";"PC SPIELE";"Actionspiele"
"CDR11819";"5030930096960";"Dragon Age: Origins - Ultimate Edition - Import (UK)  PC";"0.990";"0";"0.990";"lieferbar";"";"19";"";"";"HCDR";"";"PC SPIELE";"Rollenspiele RPG"
"CDR11950";"4020628717650";"Dungeons 3  Complete Collection  PC";"25.500";"0";"25.500";"lieferbar";"";"";"";"";"HCDR";"";"PC SPIELE";"Rollenspiele RPG"
"CDR11947";"4020628722562";"F1 2020 - 70 Jahre F1 Edition  PC";"30.500";"0";"30.500";"Neuheit";"";"0";"";"";"HCDR";"";"PC SPIELE";"Rennspiele"
"CDR11429";"5055856418580";"Fallout 4  Game of the Year Edition - Import (AT)  PC";"9.990";"0";"9.990";"lieferbar";"5055856418580.jpg";"19";"";"";"HCDR";"";"PC SPIELE";"Rollenspiele RPG"
"CDR10574";"5055856406464";"Fallout 4 - Import (AT)  PC";"3.990";"0";"3.990";"lieferbar";"5055856406464.jpg";"19";"";"";"HCDR";"";"PC SPIELE";"Rollenspiele RPG"
"CDR11857";"5055277036073";"Football Manager 2020  PC";"22.500";"0";"22.500";"lieferbar";"5055277036073.jpg";"0";"";"";"HCDR";"";"PC SPIELE";"Simulationen"
"CDR11885";"3307216145271";"Gods & Monsters  PC";"41.500";"0";"41.500";"Neuheit";"";"";"";"";"HCDR";"";"PC SPIELE";"Actionspiele"
"CDR11501";"4020628771188";"Goldgräber Simulator  PC";"6.500";"0";"6.500";"lieferbar";"4020628771188.jpg";"0";"";"";"HCDR";"";"PC SPIELE";"Simulationen"
"CDR11832";"4020628737641";"Hunt: Showdown  PC";"24.500";"0";"24.500";"lieferbar";"4020628737641.jpg";"18";"";"";"HCDR";"";"PC SPIELE";"Actionspiele"
"CDR11941";"3665962001303";"Hunting Simulator 2  PC";"23.500";"0";"23.500";"Neuheit";"";"";"";"";"HCDR";"";"PC SPIELE";"Simulationen"
"CDR11971";"4020628714857";"Immortal Realms: Vampire Wars  PC";"24.500";"0";"24.500";"Neuheit";"";"16";"";"";"HCDR";"";"PC SPIELE";"Actionspiele"
"CDR11977";"4020628719081";"Iron Harvest  PC";"30.500";"0";"30.500";"Neuheit";"4020628719081.jpg";"";"";"";"HCDR";"";"PC SPIELE";"Actionspiele"
"CDR11851";"4020628771164";"Koch-Simulator  PC";"10.000";"0";"10.000";"lieferbar";"4020628771164.jpg";"0";"";"";"HCDR";"";"PC SPIELE";"Simulationen"
"CDR11846";"4041417640720";"Landwirtschafts-Simulator 19  offizielles CLAAS  Add-On  PC";"12.500";"0";"12.500";"lieferbar";"4041417640720.jpg";"0";"";"";"HCDR";"";"PC SPIELE";"Simulationen"
"CDR11672";"4020628854263";"Metro Exodus  PC";"19.990";"0";"19.990";"lieferbar";"4020628854263.jpg";"18";"";"";"HCDR";"";"PC SPIELE";"Actionspiele"
"CDR11965";"4020628719524";"Mount & Blade 2: Bannerlord - Early Access  PC";"31.000";"0";"31.000";"lieferbar";"";"12";"";"";"HCDR";"";"PC SPIELE";"Strategiespiele"
"CDR11975";"8718144472134";"Pax Nova  PC";"19.000";"0";"19.000";"Neuheit";"8718144472134.jpg";"";"";"";"HCDR";"";"PC SPIELE";"Actionspiele"
"CDR11255";"5055856412120";"PREY - Import (AT)  PC";"3.990";"0";"3.990";"lieferbar";"5055856412120.jpg";"19";"";"";"HCDR";"";"PC SPIELE";"Actionspiele"
"CDR11979";"4020628714611";"Railway Empire  Complete Collection  PC";"26.000";"0";"26.000";"Neuheit";"";"0";"";"";"HCDR";"";"PC SPIELE";"Simulationen"
"CDR11968";"8057168501261";"RIDE 4  PC";"30.500";"0";"30.500";"Neuheit";"";"";"";"";"HCDR";"";"PC SPIELE";"Rennspiele"
"CDR11915";"3512899122680";"SnowRunner  PC";"24.500";"0";"24.500";"kein Bestand";"";"0";"";"";"HCDR";"";"PC SPIELE";"Simulationen"
"CDR11631";"3512899120648";"Spintires: MudRunner  American Wilds Edition  PC";"7.990";"0";"7.990";"lieferbar";"3512899120648.jpg";"0";"";"";"HCDR";"";"PC SPIELE";"Rennspiele"
"CDR11453";"3512899119246";"Spintires: MudRunner  PC";"7.990";"0";"7.990";"lieferbar";"3512899119246.jpg";"0";"";"";"HCDR";"";"PC SPIELE";"Rennspiele"
"CDR11757";"5055856424574";"The Elder Scrolls Online: Elsweyr - Import (AT)  PC";"14.990";"0";"14.990";"lieferbar";"";"";"";"";"HCDR";"";"PC SPIELE";"Rollenspiele RPG"
"CDR11546";"5055856419532";"The Elder Scrolls Online: Summerset - Import (AT)  PC";"8.990";"0";"8.990";"lieferbar";"5055856419532.jpg";"19";"";"";"HCDR";"";"PC SPIELE";"Online Games"
"CDR10647";"5055856407812";"The Elder Scrolls Online: Tamriel Unlimited  3.000 Kronen";"15.000";"0";"15.000";"lieferbar";"5055856407812.jpg";"";"";"";"HCDR";"";"PC SPIELE";"Online Games"
"CDR11369";"5055856416067";"The Evil Within 2 - Import (AT)  PC";"4.990";"0";"4.990";"lieferbar";"5055856416067.jpg";"19";"";"";"HCDR";"";"PC SPIELE";"Actionspiele"
"CDR11756";"9006113008699";"The Guild 3  Aristocratic Edition  PC";"53.000";"0";"53.000";"Neuheit";"9006113008699.jpg";"";"";"";"HCDR";"";"PC SPIELE";"Strategiespiele"
"CDR11743";"9006113008613";"The Guild 3  PC";"30.500";"0";"30.500";"Neuheit";"";"";"";"";"HCDR";"";"PC SPIELE";"Simulationen"
"CDR11879";"9120080075437";"The Hunter: Call of the Wild - Edition 2019  PC";"12.500";"0";"12.500";"lieferbar";"9120080075437.jpg";"12";"";"";"HCDR";"";"PC SPIELE";"Simulationen"
"CDR11956";"4250821804288";"Tom Clancy´s Splinter Cell: Blacklist  PC";"3.990";"0";"3.990";"lieferbar";"";"18";"";"";"HCDR";"";"PC SPIELE";"Actionspiele"
"CDR11981";"5055277038121";"Total War: Warhammer  Savage Edition  PC";"18.500";"0";"18.500";"Neuheit";"";"12";"";"";"HCDR";"";"PC SPIELE";"Strategiespiele"
"CDR11945";"3665962002126";"Tour de France 2020  PC";"23.500";"0";"23.500";"Neuheit";"";"0";"";"";"HCDR";"";"PC SPIELE";"Simulationen"
"CDR11114";"4041417640270";"Transport Fever  PC";"9.990";"0";"9.990";"lieferbar";"4041417640270usk.jpg";"0";"https://www.youtube.com/embed/0H3fy637enU";"0H3fy637enU";"HCDR";"";"PC SPIELE";"Simulationen"
"CDR11951";"4260458362211";"Warhammer 40.000: Mechanicus  PC";"25.500";"0";"25.500";"Neuheit";"";"12";"";"";"HCDR";"";"PC SPIELE";"Strategiespiele"
"CDR11939";"4020628767747";"Wasteland 3  Day One Edition  PC";"36.500";"0";"36.500";"Neuheit";"";"18";"";"";"HCDR";"";"PC SPIELE";"Adventure"
"CDR11886";"3307216143581";"Watch Dogs: Legion  PC";"41.500";"0";"41.500";"Neuheit";"3307216143581.jpg";"";"";"";"HCDR";"";"PC SPIELE";"Actionspiele"
"CDR11370";"5055856416562";"Wolfenstein II: The New Colossus - Import (AT)  PC";"9.990";"0";"9.990";"lieferbar";"5055856416562.jpg";"19";"";"";"HCDR";"";"PC SPIELE";"Actionspiele"
"CDR3102";"3348542196902";"World of Warcraft  60-Tage Game Time Card";"19.990";"0";"19.990";"lieferbar";"world_of_warcraft_wow_60_days_gtc_game_time_card.jpg";"12";"https://www.youtube.com/embed/nK6smbbkHUk";"nK6smbbkHUk";"HCDR";"";"PC SPIELE";"Online Games,Rollenspiele RPG"
"CDR11970";"3665962001655";"WRC 9  PC";"23.500";"0";"23.500";"Neuheit";"";"0";"";"";"HCDR";"";"PC SPIELE";"Rennspiele"
"NSW1437";"0045496426309";"51 Worldwide Games  SWITCH";"27.000";"0";"27.000";"lieferbar";"0045496426309.jpg";"";"";"";"NSWITCH";"";"NINTENDO SWITCH  SPIELE";"Spielesammlungen"
"NSW1419";"0045496425432";"Animal Crossing: New Horizons  SWITCH";"40.500";"0";"40.500";"kein Bestand";"0045496425432.jpg";"0";"";"";"NSWITCH";"";"NINTENDO SWITCH  SPIELE";"Simulationen"
"NSW1374";"3760156483689";"Asterix & Obelix XXL3 - Kristall-Hinkelstein  SWITCH";"27.500";"0";"27.500";"lieferbar";"";"6";"";"";"NSWITCH";"";"NINTENDO SWITCH  SPIELE";"Actionspiele"
"NSW1363";"0045496424664";"Astral Chain  SWITCH";"29.990";"0";"29.990";"lieferbar";"0045496424664.jpg";"16";"";"";"NSWITCH";"";"NINTENDO SWITCH  SPIELE";"Actionspiele"
"NSW1434";"5026555067959";"BioShock - The Collection  SWITCH";"29.990";"0";"29.990";"lieferbar";"5026555067959.jpg";"18";"";"";"NSWITCH";"";"NINTENDO SWITCH  SPIELE";"Actionspiele"
"NSW1435";"5026555068079";"Borderlands  Legendary Collection  SWITCH";"29.990";"0";"29.990";"lieferbar";"5026555068079.jpg";"18";"";"";"NSWITCH";"";"NINTENDO SWITCH  SPIELE";"Actionspiele"
"NSW1404";"4020628733070";"Cooking Mama: CookStar  SWITCH";"24.500";"0";"24.500";"lieferbar";"4020628733070.jpg";"0";"";"";"NSWITCH";"";"NINTENDO SWITCH  SPIELE";"Simulationen"
"NSW1287";"5030917269820";"CTR Crash Team Racing Nitro Fueled  SWITCH";"24.500";"0";"24.500";"lieferbar";"5030917269820.jpg";"6";"";"";"NSWITCH";"";"NINTENDO SWITCH  SPIELE";"Rennspiele"
"NSW1371";"0045496424589";"Daemon X Machina  SWITCH";"29.990";"0";"29.990";"lieferbar";"0045496424589.jpg";"12";"";"";"NSWITCH";"";"NINTENDO SWITCH  SPIELE";"Actionspiele"
"NSW1145";"0045496421762";"Donkey Kong Country: Tropical Freeze  SWITCH";"41.000";"0";"41.000";"lieferbar";"0045496421762.jpg";"0";"";"";"NSWITCH";"";"NINTENDO SWITCH  SPIELE";"Fun & JumpNRun"
"NSW1407";"0045496425890";"Dr. Kawashimas Gehirn-Jogging  SWITCH";"21.990";"0";"21.990";"lieferbar";"0045496425890.jpg";"0";"";"";"NSWITCH";"";"NINTENDO SWITCH  SPIELE";"Lernspiele"
"NSW1340";"0045496422769";"Dragon Quest Builders 2  SWITCH";"34.990";"0";"34.990";"lieferbar";"0045496422769.jpg";"";"";"";"NSWITCH";"";"NINTENDO SWITCH  SPIELE";"Actionspiele"
"NSW1447";"3760156484884";"Escape Game - Fort Boyard  SWITCH";"27.500";"0";"27.500";"lieferbar";"";"0";"";"";"NSWITCH";"";"NINTENDO SWITCH  SPIELE";"Strategiespiele"
"NSW1424";"5060327535741";"Fairy Tail  SWITCH";"42.500";"0";"42.500";"Neuheit";"5060327535741.jpg";"";"";"";"NSWITCH";"";"NINTENDO SWITCH  SPIELE";"Rollenspiele RPG"
"NSW1393";"3499550369564";"Farmer´s Dynasty  SWITCH";"29.500";"0";"29.500";"lieferbar";"3499550369564.jpg";"0";"";"";"NSWITCH";"";"NINTENDO SWITCH  SPIELE";"Simulationen"
"NSW1375";"3760156483757";"Garfield Kart Furious Racing  SWITCH";"24.000";"0";"24.000";"lieferbar";"3760156483757.jpg";"0";"";"";"NSWITCH";"";"NINTENDO SWITCH  SPIELE";"Rennspiele"
"NSW1410";"3307216142645";"Gods & Monsters  SWITCH";"41.500";"0";"41.500";"Neuheit";"";"";"";"";"NSWITCH";"";"NINTENDO SWITCH  SPIELE";"Actionspiele"
"NSW1438";"3665962001334";"Hunting Simulator 2  SWITCH";"35.500";"0";"35.500";"Neuheit";"";"";"";"";"NSWITCH";"";"NINTENDO SWITCH  SPIELE";"Simulationen"
"NSW1166";"0045496421847";"Hyrule Warriors  Definitive Edition  SWITCH";"34.990";"0";"34.990";"lieferbar";"0045496421847.jpg";"";"";"";"NSWITCH";"";"NINTENDO SWITCH  SPIELE";"Actionspiele"
"NSW1450";"4020628714826";"Immortal Realms: Vampire Wars  SWITCH";"24.500";"0";"24.500";"Neuheit";"";"16";"";"";"NSWITCH";"";"NINTENDO SWITCH  SPIELE";"Actionspiele"
"NSW1453";"3391892010121";"JUMP FORCE  DeLuxe Edition  SWITCH";"33.500";"0";"33.500";"Neuheit";"";"12";"";"";"NSWITCH";"";"NINTENDO SWITCH  SPIELE";"Actionspiele"
"NSW1396";"3512899122543";"Landwirtschafts-Simulator 20  SWITCH";"31.000";"0";"31.000";"lieferbar";"3512899122543.jpg";"0";"";"";"NSWITCH";"";"NINTENDO SWITCH  SPIELE";"Simulationen"
"NSW1370";"0045496425500";"Layton´s Mystery Journey: Katrielle und die Verschwö  SWITCH";"24.990";"0";"24.990";"lieferbar";"0045496425500.jpg";"6";"";"";"NSWITCH";"";"NINTENDO SWITCH  SPIELE";"Adventure"
"NSW1369";"0045496425234";"Luigi´s Mansion 3  SWITCH";"34.990";"0";"34.990";"lieferbar";"0045496425234.jpg";"6";"";"";"NSWITCH";"";"NINTENDO SWITCH  SPIELE";"Fun & JumpNRun"
"NSW1403";"0045496424909";"Mario & Sonic bei den Olympischen Spielen: Tokyo 2020  SWITC";"40.500";"0";"40.500";"lieferbar";"0045496424909.jpg";"";"";"";"NSWITCH";"";"NINTENDO SWITCH  SPIELE";"Sportspiele"
"NSW1018";"0045496420314";"Mario Kart 8 DeLuxe  SWITCH";"40.500";"0";"40.500";"lieferbar";"0045496420314.jpg";"0";"";"";"NSWITCH";"";"NINTENDO SWITCH  SPIELE";"Rennspiele"
"NSW1167";"0045496422059";"Mario Tennis Aces  SWITCH";"34.990";"0";"34.990";"lieferbar";"0045496422059.jpg";"";"";"";"NSWITCH";"";"NINTENDO SWITCH  SPIELE";"Sportspiele"
"NSW1196";"0045496420666";"Minecraft: Nintendo Switch Edition  SWITCH";"20.500";"0";"20.500";"lieferbar";"0045496420666.jpg";"6";"";"";"NSWITCH";"";"NINTENDO SWITCH  SPIELE";"Simulationen"
"NSW1446";"3760156485133";"My Universe: My Baby  SWITCH";"27.500";"0";"27.500";"Neuheit";"";"0";"";"";"NSWITCH";"";"NINTENDO SWITCH  SPIELE";"Simulationen"
"NSW1420";"3391892008890";"Naruto Shippuden Ultimate Ninja Storm 4: Road to Boruto  SWI";"33.500";"0";"33.500";"lieferbar";"3391892008890.jpg";"12";"";"";"NSWITCH";"";"NINTENDO SWITCH  SPIELE";"Actionspiele"
"NSW1282";"0045496423827";"New Super Mario Bros. U DeLuxe  SWITCH";"40.500";"0";"40.500";"lieferbar";"0045496423827.jpg";"0";"";"";"NSWITCH";"";"NINTENDO SWITCH  SPIELE";"Fun & JumpNRun"
"NSW1168";"0045496422219";"Octopath Traveler  SWITCH";"29.990";"0";"29.990";"lieferbar";"0045496422219.jpg";"";"";"";"NSWITCH";"";"NINTENDO SWITCH  SPIELE";"Adventure"
"NSW1432";"3760156484808";"Oddworld Stranger´s Wrath HD  SWITCH";"21.000";"0";"21.000";"lieferbar";"3760156484808.jpg";"12";"";"";"NSWITCH";"";"NINTENDO SWITCH  SPIELE";"Actionspiele"
"NSW1448";"0045496426415";"Paper Mario: The Origami King  SWITCH";"40.500";"0";"40.500";"Neuheit";"";"0";"";"";"NSWITCH";"";"NINTENDO SWITCH  SPIELE";"Actionspiele"
"NSW1418";"0045496415982";"Pokemon Mystery Dungeon: Retterteam DX  SWITCH";"40.500";"0";"40.500";"lieferbar";"0045496415982.jpg";"";"";"";"NSWITCH";"";"NINTENDO SWITCH  SPIELE";"Actionspiele"
"NSW1364";"0045496424817";"Pokemon Schild  SWITCH";"34.990";"0";"34.990";"lieferbar";"0045496424817.jpg";"6";"";"";"NSWITCH";"";"NINTENDO SWITCH  SPIELE";"Actionspiele"
"NSW1365";"0045496424749";"Pokemon Schwert  SWITCH";"40.500";"0";"40.500";"lieferbar";"0045496424749.jpg";"6";"";"";"NSWITCH";"";"NINTENDO SWITCH  SPIELE";"Actionspiele"
"NSW1215";"0045496423261";"Pokemon: Let´s Go, Evoli!  SWITCH";"34.990";"0";"34.990";"lieferbar";"0045496423261.jpg";"0";"";"";"NSWITCH";"";"NINTENDO SWITCH  SPIELE";"Rollenspiele RPG"
"NSW1440";"4260458362198";"Railway Empire  SWITCH";"25.500";"0";"25.500";"lieferbar";"4260458362198.jpg";"0";"";"";"NSWITCH";"";"NINTENDO SWITCH  SPIELE";"Simulationen"
"NSW1349";"5030917284571";"Spyro Reignited Trilogy  SWITCH";"24.500";"0";"24.500";"lieferbar";"5030917284571.jpg";"";"";"";"NSWITCH";"";"NINTENDO SWITCH  SPIELE";"Fun & JumpNRun"
"NSW1341";"0045496424336";"Super Mario Maker 2  SWITCH";"34.990";"0";"34.990";"lieferbar";"0045496424336.jpg";"";"";"";"NSWITCH";"";"NINTENDO SWITCH  SPIELE";"Fun & JumpNRun"
"NSW1074";"0045496420871";"Super Mario Odyssey  SWITCH";"40.500";"0";"40.500";"lieferbar";"0045496420871.jpg";"6";"";"";"NSWITCH";"";"NINTENDO SWITCH  SPIELE";"Actionspiele"
"NSW1216";"0045496423025";"Super Mario Party  SWITCH";"40.000";"0";"40.000";"lieferbar";"0045496423025.jpg";"";"";"";"NSWITCH";"";"NINTENDO SWITCH  SPIELE";"Fun & JumpNRun"
"NSW1368";"0045496425623";"Tetris 99  SWITCH";"17.990";"0";"17.990";"lieferbar";"0045496425623.jpg";"0";"";"";"NSWITCH";"";"NINTENDO SWITCH  SPIELE";"Geschicklichkeit"
"NSW1015";"0045496420093";"The Legend of Zelda: Breath of the Wild  SWITCH";"46.500";"0";"46.500";"lieferbar";"0045496420093.jpg";"12";"";"";"NSWITCH";"";"NINTENDO SWITCH  SPIELE";"Rollenspiele RPG"
"NSW1372";"0045496424428";"The Legend of Zelda: Link´s Awakening  SWITCH";"40.500";"0";"40.500";"lieferbar";"0045496424428.jpg";"6";"";"";"NSWITCH";"";"NINTENDO SWITCH  SPIELE";"Actionspiele"
"NSW1426";"5026555067799";"The Outer Worlds  SWITCH";"34.990";"0";"34.990";"lieferbar";"5026555067799.jpg";"16";"";"";"NSWITCH";"";"NINTENDO SWITCH  SPIELE";"Actionspiele"
"NSW1428";"5021290086524";"Trials of Mana  SWITCH";"31.000";"0";"31.000";"lieferbar";"5021290086524.jpg";"";"";"";"NSWITCH";"";"NINTENDO SWITCH  SPIELE";"Rollenspiele RPG"
"NSW1443";"4015918144803";"Truck & Logistic Simulator  SWITCH";"31.500";"0";"31.500";"lieferbar";"";"0";"";"";"NSWITCH";"";"NINTENDO SWITCH  SPIELE";"Simulationen"
"NSW1417";"3499550376326";"TT - Isle of Man 2  SWITCH";"35.500";"0";"35.500";"lieferbar";"3499550376326.jpg";"0";"";"";"NSWITCH";"";"NINTENDO SWITCH  SPIELE";"Rennspiele"
"NSW1441";"4260458362242";"Warhammer 40.000: Mechanicus  SWITCH";"25.500";"0";"25.500";"Neuheit";"";"12";"";"";"NSWITCH";"";"NINTENDO SWITCH  SPIELE";"Actionspiele"
"NSW1449";"3665962001730";"WRC 9  SWITCH";"35.500";"0";"35.500";"Neuheit";"";"0";"";"";"NSWITCH";"";"NINTENDO SWITCH  SPIELE";"Rennspiele"
"NSW1436";"0045496425814";"Xenoblade Chronicles: Definitive Edition  SWITCH";"40.500";"0";"40.500";"lieferbar";"";"";"";"";"NSWITCH";"";"NINTENDO SWITCH  SPIELE";"Actionspiele"
"NSW1415";"3760156483849";"XIII  Limited Edition  SWITCH";"34.500";"0";"34.500";"Neuheit";"3760156483849.jpg";"18";"";"";"NSWITCH";"";"NINTENDO SWITCH  SPIELE";"Actionspiele"
"NSW1297";"0045496422684";"Yoshi´s Crafted World  SWITCH";"40.500";"0";"40.500";"lieferbar";"0045496422684.jpg";"6";"";"";"NSWITCH";"";"NINTENDO SWITCH  SPIELE";"Fun & JumpNRun"
"NSW1433";"5056208806345";"Zombie Army Trilogy  SWITCH";"19.990";"0";"19.990";"lieferbar";"5056208806345.jpg";"18";"";"";"NSWITCH";"";"NINTENDO SWITCH  SPIELE";"Actionspiele"
"PS45236";"3307216167242";"Assassin´s Creed Valhalla  PS4";"48.000";"0";"48.000";"Neuheit";"";"";"";"";"PS4";"";"SONY PS4  SPIELE";"Actionspiele"
"PS45237";"3307216167211";"Assassin´s Creed Valhalla  Ultimate Edition  PS4";"73.500";"0";"73.500";"Neuheit";"";"";"";"";"PS4";"";"SONY PS4  SPIELE";"Actionspiele"
"PS45245";"8023171045245";"Assetto Corsa Competizione  PS4";"27.500";"0";"27.500";"lieferbar";"";"0";"";"";"PS4";"";"SONY PS4  SPIELE";"Rennspiele"
"PS45082";"3760156483672";"Asterix & Obelix XXL3 - Kristall-Hinkelstein  PS4";"27.500";"0";"27.500";"lieferbar";"";"6";"";"";"PS4";"";"SONY PS4  SPIELE";"Actionspiele"
"PS45178";"9120080071286";"Biomutant  PS4";"39.000";"0";"39.000";"Neuheit";"9120080071286.jpg";"";"";"";"PS4";"";"SONY PS4  SPIELE";"Actionspiele"
"PS44994";"5026555425933";"Borderlands 3  Deluxe  PS4";"29.990";"0";"29.990";"lieferbar";"5026555425933.jpg";"18";"";"";"PS4";"";"SONY PS4  SPIELE";"Actionspiele"
"PS44993";"5026555425810";"Borderlands 3  PS4";"9.990";"0";"9.990";"lieferbar";"5026555425810.jpg";"18";"";"";"PS4";"";"SONY PS4  SPIELE";"Actionspiele"
"PS45024";"4041417660469";"Bus Simulator  PS4";"27.500";"0";"27.500";"lieferbar";"4041417660469.jpg";"0";"";"";"PS4";"";"SONY PS4  SPIELE";"Simulationen"
"PS45122";"5026555425698";"Civilization VI  PS4";"17.990";"0";"17.990";"lieferbar";"5026555425698.jpg";"12";"";"";"PS4";"";"SONY PS4  SPIELE";"Strategiespiele"
"PS45257";"5030917290985";"Crash Bandicoot 4 - It´s About Time  PS4";"42.500";"0";"42.500";"Neuheit";"5030917290985.jpg";"";"";"";"PS4";"";"SONY PS4  SPIELE";"Fun & JumpNRun"
"PS45159";"3391892006025";"Cyberpunk 2077  Day One Edition  PS4";"46.500";"0";"46.500";"Neuheit";"3391892006025.jpg";"18";"";"";"PS4";"";"SONY PS4  SPIELE";"Actionspiele"
"PS45217";"8437020062060";"Daymare: 1998  Black Edition  PS4";"27.500";"0";"27.500";"lieferbar";"";"18";"";"";"PS4";"";"SONY PS4  SPIELE";"Actionspiele"
"PS45231";"9120080075307";"Desperados 3  Collector´s Edition  PS4";"79.500";"0";"79.500";"lieferbar";"";"16";"";"";"PS4";"";"SONY PS4  SPIELE";"Actionspiele"
"PS45232";"9120080073280";"Desperados 3  PS4";"36.500";"0";"36.500";"lieferbar";"";"16";"";"";"PS4";"";"SONY PS4  SPIELE";"Actionspiele"
"PS45233";"9120080074690";"Destroy All Humans!  PS4";"25.500";"0";"25.500";"Neuheit";"";"";"";"";"PS4";"";"SONY PS4  SPIELE";"Actionspiele"
"PS45240";"4020628715878";"DIRT 5 - Launch Edition  PS4";"42.500";"0";"42.500";"Neuheit";"";"";"";"";"PS4";"";"SONY PS4  SPIELE";"Rennspiele"
"PS45251";"3391892008357";"Doraemon Story of Seasons  PS4";"33.500";"0";"33.500";"Neuheit";"";"0";"";"";"PS4";"";"SONY PS4  SPIELE";"Actionspiele"
"PS45246";"3391892011968";"Dragon Ball Xenoverse + Xenoverse 2  PS4";"19.990";"0";"19.990";"lieferbar";"";"12";"";"";"PS4";"";"SONY PS4  SPIELE";"Actionspiele"
"PS45158";"3391892005745";"Dragon Ball Z: Kakarot  PS4";"29.990";"0";"29.990";"lieferbar";"3391892005745.jpg";"12";"";"";"PS4";"";"SONY PS4  SPIELE";"Actionspiele"
"PS45239";"3760156484938";"Escape Game - Fort Boyard  PS4";"27.500";"0";"27.500";"lieferbar";"";"0";"";"";"PS4";"";"SONY PS4  SPIELE";"Strategiespiele"
"PS45224";"4020928722555";"F1 2020 - 70 Jahre F1 Edition  PS4";"42.500";"0";"42.500";"Neuheit";"4020928722555.jpg";"0";"";"";"PS4";"";"SONY PS4  SPIELE";"Rennspiele"
"PS45225";"4020928722494";"F1 2020 - Schumacher DeLuxe Edition  PS4";"48.500";"0";"48.500";"Neuheit";"4020928722494.jpg";"0";"";"";"PS4";"";"SONY PS4  SPIELE";"Rennspiele"
"PS45176";"5060327535697";"Fairy Tail  PS4";"42.500";"0";"42.500";"Neuheit";"";"";"";"";"PS4";"";"SONY PS4  SPIELE";"Rollenspiele RPG"
"PS45209";"3391892009088";"Fast & Furious Crossroads  PS4";"46.500";"0";"46.500";"Neuheit";"";"12";"";"";"PS4";"";"SONY PS4  SPIELE";"Rennspiele"
"PS45174";"5021290084476";"Final Fantasy VII  HD Remake  PS4";"43.500";"0";"43.500";"lieferbar";"5021290084476.jpg";"16";"";"";"PS4";"";"SONY PS4  SPIELE";"Rollenspiele RPG"
"PS45083";"3760156483740";"Garfield Kart Furious Racing  PS4";"24.000";"0";"24.000";"lieferbar";"3760156483740.jpg";"0";"";"";"PS4";"";"SONY PS4  SPIELE";"Rennspiele"
"PS45215";"0711719364009";"Ghost of Tsushima  PS4";"51.500";"0";"51.500";"Neuheit";"";"18";"";"";"PS4";"";"SONY PS4  SPIELE";"Actionspiele"
"PS45216";"0711719377405";"Ghost of Tsushima  Special Edition  PS4";"59.500";"0";"59.500";"Neuheit";"";"18";"";"";"PS4";"";"SONY PS4  SPIELE";"Actionspiele"
"PS45153";"3307216142331";"Gods & Monsters  PS4";"48.000";"0";"48.000";"Neuheit";"";"";"";"";"PS4";"";"SONY PS4  SPIELE";"Actionspiele"
"PS45113";"5026555426916";"Grand Theft Auto V  Premium Edition  PS4";"12.990";"0";"12.990";"lieferbar";"5026555426916.jpg";"18";"";"";"PS4";"";"SONY PS4  SPIELE";""
"PS45250";"4020628714840";"Immortal Realms: Vampire Wars  PS4";"30.500";"0";"30.500";"Neuheit";"";"16";"";"";"PS4";"";"SONY PS4  SPIELE";"Actionspiele"
"PS45078";"3512899122154";"Landwirtschafts-Simulator 19  Platinum Edition  PS4";"34.500";"0";"34.500";"lieferbar";"3512899122154.jpg";"0";"";"";"PS4";"";"SONY PS4  SPIELE";"Simulationen"
"PS45255";"5030931122958";"Madden NFL 21  PS4";"47.000";"0";"47.000";"Neuheit";"";"";"";"";"PS4";"";"SONY PS4  SPIELE";"Sportspiele"
"PS45248";"5026555428170";"Mafia 1  Definitive Edition  PS4";"25.500";"0";"25.500";"Neuheit";"";"18";"";"";"PS4";"";"SONY PS4  SPIELE";"Actionspiele"
"PS45249";"5026555428293";"Mafia Trilogy  PS4";"38.500";"0";"38.500";"Neuheit";"";"18";"";"";"PS4";"";"SONY PS4  SPIELE";"Actionspiele"
"PS45226";"4020628729646";"Maneater  Day One Edition  PS4";"25.500";"0";"25.500";"lieferbar";"";"16";"";"";"PS4";"";"SONY PS4  SPIELE";"Actionspiele"
"PS45162";"3391892007343";"My Hero One´s Justice 2  PS4";"29.990";"0";"29.990";"lieferbar";"";"12";"";"";"PS4";"";"SONY PS4  SPIELE";"Actionspiele"
"PS45238";"3760156485164";"My Universe: My Baby  PS4";"27.500";"0";"27.500";"Neuheit";"3760156485164.jpg";"0";"";"";"PS4";"";"SONY PS4  SPIELE";"Simulationen"
"PS45161";"3391892007640";"One Piece: Pirate Warriors 4  PS4";"29.990";"0";"29.990";"lieferbar";"3391892007640.jpg";"12";"";"";"PS4";"";"SONY PS4  SPIELE";"Actionspiele"
"PS45163";"3391892006803";"One Punch Man: A Hero Nobody Knows  PS4";"29.990";"0";"29.990";"lieferbar";"3391892006803.jpg";"12";"";"";"PS4";"";"SONY PS4  SPIELE";"Actionspiele"
"PS45214";"0711719361107";"Predator: Hunting Grounds  PS4";"19.990";"0";"19.990";"lieferbar";"";"18";"";"";"PS4";"";"SONY PS4  SPIELE";"Actionspiele"
"PS45253";"3391892011746";"Project Cars 3  PS4";"46.500";"0";"46.500";"Neuheit";"";"";"";"";"PS4";"";"SONY PS4  SPIELE";"Rennspiele"
"PS44724";"5026555423076";"Red Dead Redemption 2  PS4";"15.990";"0";"15.990";"lieferbar";"5026555423076.jpg";"18";"";"";"PS4";"";"SONY PS4  SPIELE";"Actionspiele"
"PS45166";"5055060949634";"Resident Evil 3  PS4";"31.990";"0";"31.990";"lieferbar";"5055060949634.jpg";"18";"";"";"PS4";"";"SONY PS4  SPIELE";"Actionspiele"
"PS45244";"8057168501025";"RIDE 4  PS4";"42.500";"0";"42.500";"Neuheit";"";"";"";"";"PS4";"";"SONY PS4  SPIELE";"Rennspiele"
"PS45171";"3512899122956";"SnowRunner  Premium Edition  PS4";"48.000";"0";"48.000";"lieferbar";"";"0";"";"";"PS4";"";"SONY PS4  SPIELE";"Simulationen"
"PS45170";"3512899122765";"SnowRunner  PS4";"34.500";"0";"34.500";"lieferbar";"";"0";"";"";"PS4";"";"SONY PS4  SPIELE";"Simulationen"
"PS45234";"9120080074546";"SpongeBob SquarePants: B. f. Bikini Bottom - Reh.  PS4";"19.000";"0";"19.000";"lieferbar";"";"6";"";"";"PS4";"";"SONY PS4  SPIELE";"Actionspiele"
"PS45256";"5035223124023";"Star Wars Squadrons  PS4";"27.000";"0";"27.000";"Neuheit";"5035223124023.jpg";"";"";"";"PS4";"";"SONY PS4  SPIELE";"Actionspiele"
"PS45169";"3391892008685";"Sword Art Online Alicization Lycoris  PS4";"46.500";"0";"46.500";"Neuheit";"3391892008685.jpg";"12";"";"";"PS4";"";"SONY PS4  SPIELE";"Actionspiele"
"PS45212";"0711719330202";"The Last of US  Part II  PS4";"51.500";"0";"51.500";"lieferbar";"";"18";"";"";"PS4";"";"SONY PS4  SPIELE";"Actionspiele"
"PS45213";"0711719338505";"The Last of US  Part II  Special Edition  PS4";"72.500";"0";"72.500";"lieferbar";"";"18";"";"";"PS4";"";"SONY PS4  SPIELE";"Actionspiele"
"PS45059";"5026555426183";"The Outer Worlds  PS4";"16.990";"0";"16.990";"lieferbar";"5026555426183.jpg";"16";"";"";"PS4";"";"SONY PS4  SPIELE";"Actionspiele"
"PS45241";"5030917291180";"Tony Hawk´s Pro Skater 1+2  PS4";"29.000";"0";"29.000";"Neuheit";"";"0";"";"";"PS4";"";"SONY PS4  SPIELE";"Sportspiele"
"PS45222";"3665962000429";"Tour de France 2020  PS4";"29.500";"0";"29.500";"kein Bestand";"";"";"";"";"PS4";"";"SONY PS4  SPIELE";"Simulationen"
"PS45205";"5021290086432";"Trials of Mana  PS4";"31.000";"0";"31.000";"lieferbar";"";"";"";"";"PS4";"";"SONY PS4  SPIELE";"Rollenspiele RPG"
"PS45000";"4260458361030";"Tropico 6  PS4";"25.990";"0";"25.990";"lieferbar";"";"12";"";"";"PS4";"";"SONY PS4  SPIELE";"Strategiespiele"
"PS45131";"5055277035601";"Two Point Hospital  PS4";"24.500";"0";"24.500";"lieferbar";"5055277035601.jpg";"";"";"";"PS4";"";"SONY PS4  SPIELE";"Simulationen"
"PS45229";"4260458362228";"Warhammer 40.000: Mechanicus  PS4";"25.500";"0";"25.500";"Neuheit";"";"12";"";"";"PS4";"";"SONY PS4  SPIELE";"Actionspiele"
"PS45220";"4020628767730";"Wasteland 3  Day One Edition  PS4";"36.500";"0";"36.500";"Neuheit";"";"18";"";"";"PS4";"";"SONY PS4  SPIELE";"Actionspiele"
"PS45155";"3307216141983";"Watch Dogs: Legion  Gold Edition  PS4";"65.000";"0";"65.000";"Neuheit";"3307216141983.jpg";"";"";"";"PS4";"";"SONY PS4  SPIELE";"Actionspiele"
"PS45154";"3307216135142";"Watch Dogs: Legion  PS4";"48.000";"0";"48.000";"Neuheit";"3307216135142.jpg";"";"";"";"PS4";"";"SONY PS4  SPIELE";"Actionspiele"
"PS45156";"3307216137320";"Watch Dogs: Legion  Ultimate Edition  PS4";"73.500";"0";"73.500";"Neuheit";"3307216137320.jpg";"";"";"";"PS4";"";"SONY PS4  SPIELE";"Actionspiele"
"PS45247";"3665962001419";"WRC 9  PS4";"35.500";"0";"35.500";"Neuheit";"";"0";"";"";"PS4";"";"SONY PS4  SPIELE";"Rennspiele"
"PS45165";"3760156483825";"XIII  Limited Edition  PS4";"34.500";"0";"34.500";"Neuheit";"";"18";"";"";"PS4";"";"SONY PS4  SPIELE";"Actionspiele"
"100818";"-";"ANNO 1404 - Schneidebrett";"0.100";"0";"0.100";"lieferbar";"annoschneide.jpg";"";"";"";"SON";"";"SONSTIGES";""
"100838";"-";"Call of Duty: Black Ops 2 - Bügelbild";"0.100";"0";"0.100";"lieferbar";"callbuegelbilder.jpg";"";"";"";"SON";"";"SONSTIGES";""
"100825";"-";"Der Herr der Ringe - Ring + Kette";"1.000";"0";"1.000";"lieferbar";"derherrderringeringkette.jpg";"";"";"";"SON";"";"SONSTIGES";""
"100821";"-";"Die Siedler - Schlüsselanhänger";"0.100";"0";"0.100";"lieferbar";"siedlerschlusselanhanger.jpg";"";"";"";"SON";"";"SONSTIGES";""
"100802";"-";"EA Fußball - rot - groß";"0.990";"0";"0.990";"lieferbar";"earot.jpg";"";"";"";"SON";"";"SONSTIGES";""
"100800";"-";"EA Fußball - schwarz - klein";"0.990";"0";"0.990";"lieferbar";"schwarzminifussball.jpg";"";"";"";"SON";"";"SONSTIGES";""
"200007";"-";"Fallout 4 - Schlüsselanhänger";"0.100";"0";"0.100";"lieferbar";"fallout4schlussel.jpg";"";"";"";"SON";"";"SONSTIGES";""
"100811";"-";"Fallout 76 - Schlüsselanhänger";"0.250";"0";"0.250";"lieferbar";"fallout76schlussel.jpg";"";"";"";"SON";"";"SONSTIGES";""
"200033";"-";"Joystick Saitek - Schlüsselanhänger";"0.100";"0";"0.100";"lieferbar";"joysticksaitekschlussel.jpg";"";"";"";"SON";"";"SONSTIGES";""
"200022";"-";"NINTENDO - aufblasbarer Schläger";"0.100";"0";"0.100";"lieferbar";"nintendoschlager.jpg";"";"";"";"SON";"";"SONSTIGES";""
"200030";"-";"NOVA - Maus Pad - Gallery - verschiedene Motive";"0.100";"0";"0.100";"lieferbar";"novamousepadmix.jpg";"";"";"";"SON";"";"SONSTIGES";""
"100826";"-";"PlayStation 3 - Armband / Schweißband";"0.100";"0";"0.100";"lieferbar";"playstation3armband.jpg";"";"";"";"SON";"";"SONSTIGES";""
"100823";"-";"The Elder Scrolls - Badge / Pins";"0.100";"0";"0.100";"lieferbar";"theelderpins.jpg";"";"";"";"SON";"";"SONSTIGES";""
"XB10986";"3307216167273";"Assassin´s Creed Valhalla  Ultimate Edition  Xbox One";"73.500";"0";"73.500";"Neuheit";"";"";"";"";"XB1";"";"MICROSOFT XB1  SPIELE";"Actionspiele"
"XB10985";"3307216167303";"Assassin´s Creed Valhalla  Xbox One";"48.000";"0";"48.000";"Neuheit";"";"";"";"";"XB1";"";"MICROSOFT XB1  SPIELE";"Actionspiele"
"XB10962";"9120080071330";"Biomutant  Xbox One";"39.000";"0";"39.000";"Neuheit";"9120080071330.jpg";"";"";"";"XB1";"";"MICROSOFT XB1  SPIELE";"Actionspiele"
"XB11001";"5030917291081";"Crash Bandicoot 4 - It´s About Time  Xbox One";"42.500";"0";"42.500";"Neuheit";"5030917291081.jpg";"";"";"";"XB1";"";"MICROSOFT XB1  SPIELE";"Fun & JumpNRun"
"XB10950";"3391892006148";"Cyberpunk 2077  Day One Edition  Xbox One";"46.500";"0";"46.500";"Neuheit";"3391892006148.jpg";"18";"";"";"XB1";"";"MICROSOFT XB1  SPIELE";"Actionspiele"
"XB10982";"9120080073327";"Desperados 3  Xbox One";"36.500";"0";"36.500";"lieferbar";"";"16";"";"";"XB1";"";"MICROSOFT XB1  SPIELE";"Actionspiele"
"XB10987";"4020628715861";"DIRT 5 - Launch Edition  Xbox One";"42.500";"0";"42.500";"Neuheit";"";"";"";"";"XB1";"";"MICROSOFT XB1  SPIELE";"Rennspiele"
"XB10907";"5055856425953";"DOOM Eternal  Deluxe Edition  Xbox One";"39.990";"0";"39.990";"lieferbar";"5055856425953.jpg";"18";"";"";"XB1";"";"MICROSOFT XB1  SPIELE";"Actionspiele"
"XB10859";"5055856422884";"DOOM Eternal  Xbox One";"29.990";"0";"29.990";"lieferbar";"5055856422884.jpg";"18";"";"";"XB1";"";"MICROSOFT XB1  SPIELE";"Actionspiele"
"XB10956";"5055856427322";"DOOM Slayers Collection  Xbox One";"14.990";"0";"14.990";"lieferbar";"";"18";"";"";"XB1";"";"MICROSOFT XB1  SPIELE";"Actionspiele"
"XB10974";"4020628722548";"F1 2020 - 70 Jahre F1 Edition  Xbox One";"42.500";"0";"42.500";"Neuheit";"4020628722548.jpg";"0";"";"";"XB1";"";"MICROSOFT XB1  SPIELE";"Rennspiele"
"XB10975";"4020628722487";"F1 2020 - Schumacher DeLuxe Edition  Xbox One";"48.500";"0";"48.500";"Neuheit";"4020628722487.jpg";"0";"";"";"XB1";"";"MICROSOFT XB1  SPIELE";"Rennspiele"
"XB10969";"3391892009163";"Fast & Furious Crossroads  Xbox One";"46.500";"0";"46.500";"Neuheit";"";"12";"";"";"XB1";"";"MICROSOFT XB1  SPIELE";"Rennspiele"
"XB10910";"5030939122561";"FIFA 20  Xbox One";"14.990";"0";"14.990";"lieferbar";"5030939122561.jpg";"0";"";"";"XB1";"";"MICROSOFT XB1  SPIELE";"Sportspiele"
"XB10945";"3307216142256";"Gods & Monsters  Xbox One";"48.000";"0";"48.000";"Neuheit";"";"";"";"";"XB1";"";"MICROSOFT XB1  SPIELE";"Actionspiele"
"XB10933";"5026555362535";"Grand Theft Auto V  Premium Edition  Xbox One";"12.990";"0";"12.990";"lieferbar";"5026555362535.jpg";"18";"";"";"XB1";"";"MICROSOFT XB1  SPIELE";""
"XB10995";"4020628714833";"Immortal Realms: Vampire Wars  Xbox One";"30.500";"0";"30.500";"Neuheit";"";"16";"";"";"XB1";"";"MICROSOFT XB1  SPIELE";"Actionspiele"
"XB10892";"5030935122466";"Madden NFL 20  Xbox One";"14.990";"0";"14.990";"lieferbar";"5030935122466.jpg";"0";"";"";"XB1";"";"MICROSOFT XB1  SPIELE";"Sportspiele"
"XB10999";"5030936122953";"Madden NFL 21  Xbox One";"47.000";"0";"47.000";"Neuheit";"";"";"";"";"XB1";"";"MICROSOFT XB1  SPIELE";"Sportspiele"
"XB10993";"5026555362665";"Mafia 1  Definitive Edition  Xbox One";"25.500";"0";"25.500";"Neuheit";"";"18";"";"";"XB1";"";"MICROSOFT XB1  SPIELE";"Actionspiele"
"XB10994";"5026555362788";"Mafia Trilogy  Xbox One";"38.500";"0";"38.500";"Neuheit";"";"18";"";"";"XB1";"";"MICROSOFT XB1  SPIELE";"Actionspiele"
"XB10976";"4020628729639";"Maneater  Day One Edition  Xbox One";"25.500";"0";"25.500";"lieferbar";"";"16";"";"";"XB1";"";"MICROSOFT XB1  SPIELE";"Actionspiele"
"XB10952";"3391892007572";"One Piece: Pirate Warriors 4  Xbox One";"29.990";"0";"29.990";"lieferbar";"3391892007572.jpg";"12";"";"";"XB1";"";"MICROSOFT XB1  SPIELE";"Actionspiele"
"XB10997";"3391892011814";"Project Cars 3  Xbox One";"46.500";"0";"46.500";"Neuheit";"";"";"";"";"XB1";"";"MICROSOFT XB1  SPIELE";"Rennspiele"
"XB10753";"5026555359009";"Red Dead Redemption 2  Xbox One";"15.990";"0";"15.990";"lieferbar";"5026555359009.jpg";"18";"";"";"XB1";"";"MICROSOFT XB1  SPIELE";"Actionspiele"
"XB10991";"8057168501155";"RIDE 4  Xbox One";"42.500";"0";"42.500";"Neuheit";"";"";"";"";"XB1";"";"MICROSOFT XB1  SPIELE";"Rennspiele"
"XB10959";"3512899122963";"SnowRunner  Premium Edition  Xbox One";"48.000";"0";"48.000";"lieferbar";"";"0";"";"";"XB1";"";"MICROSOFT XB1  SPIELE";""
"XB10958";"3512899122864";"SnowRunner  Xbox One";"34.500";"0";"34.500";"lieferbar";"";"0";"";"";"XB1";"";"MICROSOFT XB1  SPIELE";"Simulationen"
"XB10984";"9120080074591";"SpongeBob SquarePants: B. f. Bikini Bottom - Reh.  Xbox One";"19.000";"0";"19.000";"lieferbar";"";"6";"";"";"XB1";"";"MICROSOFT XB1  SPIELE";"Actionspiele"
"XB11000";"5030939124084";"Star Wars Squadrons  Xbox One";"27.000";"0";"27.000";"Neuheit";"5030939124084.jpg";"";"";"";"XB1";"";"MICROSOFT XB1  SPIELE";"Actionspiele"
"XB10988";"5030917291289";"Tony Hawk´s Pro Skater 1+2  Xbox One";"29.000";"0";"29.000";"Neuheit";"";"0";"";"";"XB1";"";"MICROSOFT XB1  SPIELE";"Sportspiele"
"XB10973";"3665962000535";"Tour de France 2020  Xbox One";"29.500";"0";"29.500";"lieferbar";"";"";"";"";"XB1";"";"MICROSOFT XB1  SPIELE";"Simulationen"
"XB10971";"4020628767723";"Wasteland 3  Day One Edition  Xbox One";"36.500";"0";"36.500";"Neuheit";"";"18";"";"";"XB1";"";"MICROSOFT XB1  SPIELE";"Actionspiele"
"XB10947";"3307216142218";"Watch Dogs: Legion  Gold Edition  Xbox One";"65.000";"0";"65.000";"Neuheit";"watchdogslegiongoldxboxone.jpg";"";"";"";"XB1";"";"MICROSOFT XB1  SPIELE";"Actionspiele"
"XB10948";"3307216138853";"Watch Dogs: Legion  Ultimate Edition  Xbox One";"73.500";"0";"73.500";"Neuheit";"3307216138853.jpg";"";"";"";"XB1";"";"MICROSOFT XB1  SPIELE";"Actionspiele"
"XB10946";"3307216135326";"Watch Dogs: Legion  Xbox One";"48.000";"0";"48.000";"Neuheit";"3307216135326.jpg";"";"";"";"XB1";"";"MICROSOFT XB1  SPIELE";"Actionspiele"
"XB10992";"3665962001563";"WRC 9  Xbox One";"35.500";"0";"35.500";"Neuheit";"";"0";"";"";"XB1";"";"MICROSOFT XB1  SPIELE";"Rennspiele"
